,training_time,memory_usage,avg_cpu,max_cpu,avg_prediction_time,max_prediction_time
Content-Based,89.65898537635803,894.80078125,16.50815006468305,100.0,0.3171482419967651,0.40711402893066406
Collaborative,155.14697647094727,1424.88671875,9.558262711864407,40.4,0.06258369445800781,0.09642338752746582
Hybrid,249.49469780921936,1686.75390625,11.29129454217411,100.0,0.4878420543670654,0.5911285877227783
